"No.","Time","Source","Destination","Protocol","Length","Sequence Number","Info"
"1","0.000000","10.9.2.177","157.240.195.56","TLSv1.2","113","1","Application Data"
"2","1.258055","10.9.2.177","157.240.195.56","TLSv1.2","124","60","Application Data"
"3","1.559096","157.240.195.56","10.9.2.177","TLSv1.2","126","1","Application Data"
"4","1.612591","157.240.195.56","10.9.2.177","TLSv1.2","242","73","Application Data"
"5","1.640864","10.9.2.177","157.240.195.56","TLSv1.2","126","130","Application Data"
"6","25.560156","157.240.195.56","10.9.2.177","TCP","1434","261","443  >  56568 [ACK] Seq=261 Ack=202 Win=1512 Len=1380 [TCP segment of a reassembled PDU]"
"7","25.560156","157.240.195.56","10.9.2.177","TLSv1.2","395","1641","Application Data, Application Data"
"8","25.639188","10.9.2.177","157.240.195.56","TLSv1.2","140","202","Application Data"
"9","25.658768","10.9.2.177","157.240.195.56","TLSv1.2","147","288","Application Data"
"10","25.698351","10.9.2.177","157.240.195.56","TLSv1.2","129","381","Application Data"
"11","25.930440","157.240.195.56","10.9.2.177","TLSv1.2","1076","1982","Application Data"
"12","25.931545","157.240.195.56","10.9.2.177","TLSv1.2","128","3004","Application Data"
"13","27.056746","157.240.195.56","10.9.2.177","TCP","1434","3078","443  >  56568 [ACK] Seq=3078 Ack=456 Win=1512 Len=1380 [TCP segment of a reassembled PDU]"
"14","27.056746","157.240.195.56","10.9.2.177","TLSv1.2","169","4458","Application Data"
"15","27.122186","10.9.2.177","157.240.195.56","TLSv1.2","147","456","Application Data"
"16","27.371759","157.240.195.56","10.9.2.177","TCP","1434","4573","443  >  56568 [ACK] Seq=4573 Ack=549 Win=1512 Len=1380 [TCP segment of a reassembled PDU]"
"17","27.371759","157.240.195.56","10.9.2.177","TLSv1.2","185","5953","Application Data"
"18","27.443435","10.9.2.177","157.240.195.56","TLSv1.2","147","549","Application Data"
"19","27.676358","157.240.195.56","10.9.2.177","TCP","1434","6084","443  >  56568 [ACK] Seq=6084 Ack=642 Win=1512 Len=1380 [TCP segment of a reassembled PDU]"
"20","27.676358","157.240.195.56","10.9.2.177","TLSv1.2","287","7464","Application Data, Application Data"
"21","27.756864","10.9.2.177","157.240.195.56","TLSv1.2","147","642","Application Data"
"22","28.183542","157.240.195.56","10.9.2.177","TCP","1434","7697","443  >  56568 [ACK] Seq=7697 Ack=735 Win=1512 Len=1380 [TCP segment of a reassembled PDU]"
"23","28.183542","157.240.195.56","10.9.2.177","TLSv1.2","319","9077","Application Data, Application Data"
"24","28.232007","157.240.195.56","10.9.2.177","TCP","1434","9342","443  >  56568 [ACK] Seq=9342 Ack=735 Win=1512 Len=1380 [TCP segment of a reassembled PDU]"
"25","28.232007","157.240.195.56","10.9.2.177","TLSv1.2","230","10722","Application Data, Application Data"
"26","28.234709","157.240.195.56","10.9.2.177","TLSv1.2","206","10898","Application Data"
"27","28.262552","10.9.2.177","157.240.195.56","TLSv1.2","148","735","Application Data"
"28","28.272377","10.9.2.177","157.240.195.56","TLSv1.2","147","829","Application Data"
"29","28.465654","157.240.195.56","10.9.2.177","TLSv1.2","195","11050","Application Data"
"30","28.481756","157.240.195.56","10.9.2.177","TLSv1.2","1336","11191","Application Data"
"31","28.539625","10.9.2.177","157.240.195.56","TLSv1.2","154","922","Application Data"
"32","28.663852","157.240.195.56","10.9.2.177","TLSv1.2","195","12473","Application Data"
"33","28.678584","10.9.2.177","157.240.195.56","TLSv1.2","154","1022","Application Data"
"34","28.716063","157.240.195.56","10.9.2.177","TCP","1434","12614","443  >  56568 [ACK] Seq=12614 Ack=1022 Win=1512 Len=1380 [TCP segment of a reassembled PDU]"
"35","28.716063","157.240.195.56","10.9.2.177","TLSv1.2","116","13994","Application Data"
"36","28.749818","157.240.195.56","10.9.2.177","TCP","1434","14056","443  >  56568 [ACK] Seq=14056 Ack=1122 Win=1512 Len=1380 [TCP segment of a reassembled PDU]"
"37","28.749818","157.240.195.56","10.9.2.177","TLSv1.2","121","15436","Application Data"
"38","28.772779","10.9.2.177","157.240.195.56","TLSv1.2","162","1122","Application Data"
"39","28.815034","157.240.195.56","10.9.2.177","TLSv1.2","781","15503","Application Data"
"40","28.880528","10.9.2.177","157.240.195.56","TLSv1.2","150","1230","Application Data"
"41","28.897576","10.9.2.177","157.240.195.56","TLSv1.2","146","1326","Application Data"
"42","28.897634","10.9.2.177","157.240.195.56","TLSv1.2","148","1418","Application Data"
"43","28.897787","10.9.2.177","157.240.195.56","TLSv1.2","146","1512","Application Data"
"44","28.911020","10.9.2.177","157.240.195.56","TLSv1.2","129","1604","Application Data"
"45","28.911221","157.240.195.56","10.9.2.177","TLSv1.2","149","16230","Application Data"
"46","28.911295","10.9.2.177","157.240.195.56","TLSv1.2","129","1679","Application Data"
"47","28.921244","10.9.2.177","157.240.195.56","TLSv1.2","129","1754","Application Data"
"48","28.947712","10.9.2.177","157.240.195.56","TLSv1.2","129","1829","Application Data"
"49","28.948326","157.240.195.56","10.9.2.177","TCP","1434","16325","443  >  56568 [ACK] Seq=16325 Ack=1604 Win=1512 Len=1380 [TCP segment of a reassembled PDU]"
"50","28.948326","157.240.195.56","10.9.2.177","TLSv1.2","100","17705","Application Data"
"51","28.966763","157.240.195.56","10.9.2.177","TLSv1.2","195","17751","Application Data"
"52","28.977269","10.9.2.177","157.240.195.56","TLSv1.2","154","1904","Application Data"
"53","29.013013","10.9.2.177","157.240.195.56","TLSv1.2","162","2004","Application Data"
"54","29.128165","10.9.2.177","157.240.195.56","TLSv1.2","150","2112","Application Data"
"55","29.141354","157.240.195.56","10.9.2.177","TLSv1.2","195","17892","Application Data"
"56","29.148694","157.240.195.56","10.9.2.177","TLSv1.2","149","18033","Application Data"
"57","29.165905","10.9.2.177","157.240.195.56","TLSv1.2","154","2208","Application Data"
"58","29.167719","157.240.195.56","10.9.2.177","TCP","1434","18128","443  >  56568 [ACK] Seq=18128 Ack=2112 Win=1512 Len=1380 [TCP segment of a reassembled PDU]"
"59","29.167719","157.240.195.56","10.9.2.177","TLSv1.2","105","19508","Application Data"
"60","29.224553","157.240.195.56","10.9.2.177","TCP","1434","19559","443  >  56568 [ACK] Seq=19559 Ack=2308 Win=1512 Len=1380 [TCP segment of a reassembled PDU]"
"61","29.225269","157.240.195.56","10.9.2.177","TLSv1.2","282","20939","Application Data, Application Data"
"62","29.348655","10.9.2.177","157.240.195.56","TLSv1.2","162","2308","Application Data"
"63","29.407720","10.9.2.177","157.240.195.56","TLSv1.2","150","2416","Application Data"
"64","29.424392","157.240.195.56","10.9.2.177","TLSv1.2","195","21167","Application Data"
"65","29.425708","10.9.2.177","157.240.195.56","TLSv1.2","154","2512","Application Data"
"66","29.484827","157.240.195.56","10.9.2.177","TLSv1.2","149","21308","Application Data"
"67","29.484827","157.240.195.56","10.9.2.177","TLSv1.2","1352","21403","Application Data"
"68","29.497420","10.9.2.177","157.240.195.56","TLSv1.2","147","2612","Application Data"
"69","29.608595","10.9.2.177","157.240.195.56","TLSv1.2","150","2705","Application Data"
"70","29.671882","157.240.195.56","10.9.2.177","TLSv1.2","195","22701","Application Data"
"71","29.726806","157.240.195.56","10.9.2.177","TLSv1.2","1384","22842","Application Data"
"72","29.734962","10.9.2.177","157.240.195.56","TLSv1.2","154","2801","Application Data"
"73","29.740334","10.9.2.177","157.240.195.56","TLSv1.2","162","2901","Application Data"
"74","29.768572","157.240.195.56","10.9.2.177","TCP","1434","24172","443  >  56568 [ACK] Seq=24172 Ack=2801 Win=1512 Len=1380 [TCP segment of a reassembled PDU]"
"75","29.768572","157.240.195.56","10.9.2.177","TLSv1.2","185","25552","Application Data"
"76","29.875746","157.240.195.56","10.9.2.177","TLSv1.2","149","25683","Application Data"
"77","29.978433","10.9.2.177","157.240.195.56","TLSv1.2","147","3009","Application Data"
"78","30.008351","157.240.195.56","10.9.2.177","TLSv1.2","1400","25778","Application Data"
"79","30.015802","157.240.195.56","10.9.2.177","TLSv1.2","195","27124","Application Data"
"80","30.031418","10.9.2.177","157.240.195.56","TLSv1.2","154","3102","Application Data"
"81","30.144051","157.240.195.56","10.9.2.177","TCP","1434","27265","443  >  56568 [ACK] Seq=27265 Ack=3202 Win=1512 Len=1380 [TCP segment of a reassembled PDU]"
"82","30.144051","157.240.195.56","10.9.2.177","TLSv1.2","121","28645","Application Data"
"83","30.164731","10.9.2.177","157.240.195.56","TLSv1.2","150","3202","Application Data"
"84","30.193961","10.9.2.177","157.240.195.56","TLSv1.2","162","3298","Application Data"
"85","30.209071","157.240.195.56","10.9.2.177","TLSv1.2","195","28712","Application Data"
"86","30.254600","10.9.2.177","157.240.195.56","TLSv1.2","154","3406","Application Data"
"87","30.261639","157.240.195.56","10.9.2.177","TCP","1434","28853","443  >  56568 [ACK] Seq=28853 Ack=3406 Win=1512 Len=1380 [TCP segment of a reassembled PDU]"
"88","30.261639","157.240.195.56","10.9.2.177","TLSv1.2","68","30233","Application Data"
"89","30.327402","10.9.2.177","157.240.195.56","TLSv1.2","162","3506","Application Data"
"90","30.340984","157.240.195.56","10.9.2.177","TLSv1.2","149","30247","Application Data"
"91","30.375445","10.9.2.177","157.240.195.56","TLSv1.2","150","3614","Application Data"
"92","30.458655","157.240.195.56","10.9.2.177","TLSv1.2","195","30342","Application Data"
"93","30.462951","157.240.195.56","10.9.2.177","TLSv1.2","149","30483","Application Data"
"94","30.486714","10.9.2.177","157.240.195.56","TLSv1.2","154","3710","Application Data"
"95","30.507683","10.9.2.177","157.240.195.56","TLSv1.2","150","3810","Application Data"
"96","30.596649","157.240.195.56","10.9.2.177","TCP","1434","30578","443  >  56568 [ACK] Seq=30578 Ack=3906 Win=1512 Len=1380 [TCP segment of a reassembled PDU]"
"97","30.596649","157.240.195.56","10.9.2.177","TLSv1.2","100","31958","Application Data"
"98","30.660217","10.9.2.177","157.240.195.56","TLSv1.2","147","3906","Application Data"
"99","30.771150","157.240.195.56","10.9.2.177","TLSv1.2","1368","32004","Application Data"
"100","30.833993","157.240.195.56","10.9.2.177","TLSv1.2","195","33318","Application Data"
"101","30.835855","10.9.2.177","157.240.195.56","TLSv1.2","150","3999","Application Data"
"102","30.843175","10.9.2.177","157.240.195.56","TLSv1.2","154","4095","Application Data"
"103","30.910188","157.240.195.56","10.9.2.177","TCP","1434","33459","443  >  56568 [ACK] Seq=33459 Ack=4195 Win=1512 Len=1380 [TCP segment of a reassembled PDU]"
"104","30.910641","157.240.195.56","10.9.2.177","TLSv1.2","169","34839","Application Data"
"105","30.944079","10.9.2.177","157.240.195.56","TLSv1.2","162","4195","Application Data"
"106","31.004119","157.240.195.56","10.9.2.177","TLSv1.2","1288","34954","Application Data"
"107","31.038691","157.240.195.56","10.9.2.177","TLSv1.2","195","36188","Application Data"
"108","31.045729","10.9.2.177","157.240.195.56","TLSv1.2","154","4303","Application Data"
"109","31.079211","157.240.195.56","10.9.2.177","TLSv1.2","149","36329","Application Data"
"110","31.125038","10.9.2.177","157.240.195.56","TLSv1.2","147","4403","Application Data"
"111","31.189189","157.240.195.56","10.9.2.177","TLSv1.2","195","36424","Application Data"
"112","31.190450","10.9.2.177","157.240.195.56","TLSv1.2","154","4496","Application Data"
"113","31.225056","157.240.195.56","10.9.2.177","TCP","1434","36565","443  >  56568 [ACK] Seq=36565 Ack=4496 Win=1512 Len=1380 [TCP segment of a reassembled PDU]"
"114","31.225056","157.240.195.56","10.9.2.177","TLSv1.2","68","37945","Application Data"
"115","31.280422","10.9.2.177","157.240.195.56","TLSv1.2","150","4596","Application Data"
"116","31.285677","157.240.195.56","10.9.2.177","TCP","1434","37959","443  >  56568 [ACK] Seq=37959 Ack=4596 Win=1512 Len=1380 [TCP segment of a reassembled PDU]"
"117","31.285677","157.240.195.56","10.9.2.177","TLSv1.2","271","39339","Application Data, Application Data"
"118","31.322553","10.9.2.177","157.240.195.56","TLSv1.2","162","4692","Application Data"
"119","31.405987","157.240.195.56","10.9.2.177","TLSv1.2","195","39556","Application Data"
"120","31.413467","10.9.2.177","157.240.195.56","TLSv1.2","154","4800","Application Data"
"121","31.413765","10.9.2.177","157.240.195.56","TLSv1.2","150","4900","Application Data"
"122","31.460919","157.240.195.56","10.9.2.177","TLSv1.2","149","39697","Application Data"
"123","31.478468","157.240.195.56","10.9.2.177","TLSv1.2","1400","39792","Application Data"
"124","31.675135","157.240.195.56","10.9.2.177","TLSv1.2","195","41138","Application Data"
"125","31.704639","10.9.2.177","157.240.195.56","TLSv1.2","154","4996","Application Data"
"126","31.704783","10.9.2.177","157.240.195.56","TLSv1.2","150","5096","Application Data"
"127","31.727348","157.240.195.56","10.9.2.177","TLSv1.2","1288","41279","Application Data"
"128","31.730983","10.9.2.177","157.240.195.56","TLSv1.2","162","5192","Application Data"
"129","31.842019","157.240.195.56","10.9.2.177","TLSv1.2","1130","42513","Application Data"
"130","31.855112","10.9.2.177","157.240.195.56","TLSv1.2","146","5300","Application Data"
"131","31.857971","10.9.2.177","157.240.195.56","TLSv1.2","147","5392","Application Data"
"132","31.865805","10.9.2.177","157.240.195.56","TLSv1.2","146","5485","Application Data"
"133","31.865904","10.9.2.177","157.240.195.56","TLSv1.2","148","5577","Application Data"
"134","31.865957","10.9.2.177","157.240.195.56","TLSv1.2","146","5671","Application Data"
"135","31.865989","10.9.2.177","157.240.195.56","TLSv1.2","146","5763","Application Data"
"136","31.866016","10.9.2.177","157.240.195.56","TLSv1.2","148","5855","Application Data"
"137","31.866050","10.9.2.177","157.240.195.56","TLSv1.2","146","5949","Application Data"
"138","31.866087","10.9.2.177","157.240.195.56","TLSv1.2","148","6041","Application Data"
"139","31.866305","10.9.2.177","157.240.195.56","TLSv1.2","146","6135","Application Data"
"140","31.866335","10.9.2.177","157.240.195.56","TLSv1.2","148","6227","Application Data"
"141","31.866361","10.9.2.177","157.240.195.56","TLSv1.2","146","6321","Application Data"
"142","31.866388","10.9.2.177","157.240.195.56","TLSv1.2","146","6413","Application Data"
"143","31.866414","10.9.2.177","157.240.195.56","TLSv1.2","148","6505","Application Data"
"144","31.866441","10.9.2.177","157.240.195.56","TLSv1.2","146","6599","Application Data"
"145","31.866468","10.9.2.177","157.240.195.56","TLSv1.2","148","6691","Application Data"
"146","31.867112","157.240.195.56","10.9.2.177","TLSv1.2","149","43589","Application Data"
"147","31.958551","10.9.2.177","157.240.195.56","TLSv1.2","150","6785","Application Data"
"148","31.969920","157.240.195.56","10.9.2.177","TLSv1.2","1368","43684","Application Data"
"149","31.974800","157.240.195.56","10.9.2.177","TLSv1.2","195","44998","Application Data"
"150","31.989616","10.9.2.177","157.240.195.56","TLSv1.2","154","6881","Application Data"
"151","31.999804","157.240.195.56","10.9.2.177","TCP","1434","45139","443  >  56568 [ACK] Seq=45139 Ack=6785 Win=1512 Len=1380 [TCP segment of a reassembled PDU]"
"152","31.999804","157.240.195.56","10.9.2.177","TLSv1.2","239","46519","Application Data, Application Data"
"153","32.021889","10.9.2.177","157.240.195.56","TLSv1.2","162","6981","Application Data"
"154","32.158542","157.240.195.56","10.9.2.177","TLSv1.2","149","46704","Application Data"
"155","32.180345","157.240.195.56","10.9.2.177","TLSv1.2","1384","46799","Application Data"
"156","32.208673","157.240.195.56","10.9.2.177","TLSv1.2","195","48129","Application Data"
"157","32.225715","157.240.195.56","10.9.2.177","TCP","1434","48270","443  >  56568 [ACK] Seq=48270 Ack=7089 Win=1512 Len=1380 [TCP segment of a reassembled PDU]"
"158","32.225715","157.240.195.56","10.9.2.177","TLSv1.2","185","49650","Application Data"
"159","32.249562","10.9.2.177","157.240.195.56","TLSv1.2","154","7089","Application Data"
"160","32.371241","157.240.195.56","10.9.2.177","TLSv1.2","1368","49781","Application Data"
"161","32.398403","157.240.195.56","10.9.2.177","TLSv1.2","195","51095","Application Data"
"162","32.466673","10.9.2.177","157.240.195.56","TLSv1.2","154","7189","Application Data"
"163","32.556217","157.240.195.56","10.9.2.177","TLSv1.2","195","51236","Application Data"
"164","32.562311","10.9.2.177","157.240.195.56","TLSv1.2","154","7289","Application Data"
"165","32.607970","157.240.195.56","10.9.2.177","TLSv1.2","1336","51377","Application Data"
"166","32.730169","10.9.2.177","157.240.195.56","TLSv1.2","150","7389","Application Data"
"167","32.800351","157.240.195.56","10.9.2.177","TLSv1.2","195","52659","Application Data"
"168","32.806922","10.9.2.177","157.240.195.56","TLSv1.2","154","7485","Application Data"
"169","32.847559","157.240.195.56","10.9.2.177","TLSv1.2","1384","52800","Application Data"
"170","33.039080","157.240.195.56","10.9.2.177","TLSv1.2","195","54130","Application Data"
"171","33.157627","10.9.2.177","157.240.195.56","TLSv1.2","154","7585","Application Data"
"172","33.164959","157.240.195.56","10.9.2.177","TLSv1.2","1336","54271","Application Data"
"173","33.165992","10.9.2.177","157.240.195.56","TLSv1.2","147","7685","Application Data"
"174","33.193005","157.240.195.56","10.9.2.177","TCP","1434","55553","443  >  56568 [ACK] Seq=55553 Ack=7585 Win=1512 Len=1380 [TCP segment of a reassembled PDU]"
"175","33.193005","157.240.195.56","10.9.2.177","TLSv1.2","319","56933","Application Data, Application Data"
"176","33.370045","157.240.195.56","10.9.2.177","TLSv1.2","195","57198","Application Data"
"177","33.378784","10.9.2.177","157.240.195.56","TLSv1.2","154","7778","Application Data"
"178","33.398863","157.240.195.56","10.9.2.177","TLSv1.2","1384","57339","Application Data"
"179","33.500727","10.9.2.177","157.240.195.56","TLSv1.2","150","7878","Application Data"
"180","33.593383","157.240.195.56","10.9.2.177","TLSv1.2","195","58669","Application Data"
"181","33.606241","10.9.2.177","157.240.195.56","TLSv1.2","154","7974","Application Data"
"182","33.680309","157.240.195.56","10.9.2.177","TLSv1.2","1416","58810","Application Data"
"183","33.862501","157.240.195.56","10.9.2.177","TLSv1.2","195","60172","Application Data"
"184","33.931043","10.9.2.177","157.240.195.56","TLSv1.2","154","8074","Application Data"
"185","34.000804","157.240.195.56","10.9.2.177","TLSv1.2","1336","60313","Application Data"
"186","34.116902","10.9.2.177","157.240.195.56","TLSv1.2","150","8174","Application Data"
"187","34.208379","157.240.195.56","10.9.2.177","TLSv1.2","195","61595","Application Data"
"188","34.215001","10.9.2.177","157.240.195.56","TLSv1.2","154","8270","Application Data"
"189","34.250734","157.240.195.56","10.9.2.177","TLSv1.2","1352","61736","Application Data"
"190","34.450059","157.240.195.56","10.9.2.177","TLSv1.2","195","63034","Application Data"
"191","34.477019","10.9.2.177","157.240.195.56","TLSv1.2","154","8370","Application Data"
"192","34.479507","10.9.2.177","157.240.195.56","TLSv1.2","150","8470","Application Data"
"193","34.564006","157.240.195.56","10.9.2.177","TLSv1.2","1336","63175","Application Data"
"194","34.741791","157.240.195.56","10.9.2.177","TLSv1.2","195","64457","Application Data"
"195","34.743866","10.9.2.177","157.240.195.56","TLSv1.2","154","8566","Application Data"
"196","34.804985","157.240.195.56","10.9.2.177","TCP","1434","64598","443  >  56568 [ACK] Seq=64598 Ack=8666 Win=1512 Len=1380 [TCP segment of a reassembled PDU]"
"197","34.804985","157.240.195.56","10.9.2.177","TLSv1.2","132","65978","Application Data"
"198","34.847875","10.9.2.177","157.240.195.56","TLSv1.2","147","8666","Application Data"
"199","34.857281","157.240.195.56","10.9.2.177","TLSv1.2","640","66056","Application Data"
"200","34.868605","10.9.2.177","157.240.195.56","TLSv1.2","146","8759","Application Data"
"201","34.884474","10.9.2.177","157.240.195.56","TLSv1.2","146","8851","Application Data"
"202","34.884715","10.9.2.177","157.240.195.56","TLSv1.2","148","8943","Application Data"
"203","34.884817","10.9.2.177","157.240.195.56","TLSv1.2","146","9037","Application Data"
"204","34.884922","10.9.2.177","157.240.195.56","TLSv1.2","148","9129","Application Data"
"205","34.884994","10.9.2.177","157.240.195.56","TLSv1.2","146","9223","Application Data"
"206","34.885095","10.9.2.177","157.240.195.56","TLSv1.2","148","9315","Application Data"
"207","34.885210","10.9.2.177","157.240.195.56","TLSv1.2","146","9409","Application Data"
"208","34.987435","157.240.195.56","10.9.2.177","TLSv1.2","195","66642","Application Data"
"209","35.046976","157.240.195.56","10.9.2.177","TCP","1434","66783","443  >  56568 [ACK] Seq=66783 Ack=9501 Win=1512 Len=1380 [TCP segment of a reassembled PDU]"
"210","35.046976","157.240.195.56","10.9.2.177","TLSv1.2","68","68163","Application Data"
"211","35.061637","10.9.2.177","157.240.195.56","TLSv1.2","154","9501","Application Data"
"212","35.291150","157.240.195.56","10.9.2.177","TLSv1.2","1416","68177","Application Data"
"213","35.303311","157.240.195.56","10.9.2.177","TLSv1.2","195","69539","Application Data"
"214","35.312102","10.9.2.177","157.240.195.56","TLSv1.2","154","9601","Application Data"
"215","35.443151","10.9.2.177","157.240.195.56","TLSv1.2","150","9701","Application Data"
"216","35.471755","157.240.195.56","10.9.2.177","TLSv1.2","195","69680","Application Data"
"217","35.478007","10.9.2.177","157.240.195.56","TLSv1.2","154","9797","Application Data"
"218","35.543559","157.240.195.56","10.9.2.177","TCP","1434","69821","443  >  56568 [ACK] Seq=69821 Ack=9897 Win=1512 Len=1380 [TCP segment of a reassembled PDU]"
"219","35.543559","157.240.195.56","10.9.2.177","TLSv1.2","187","71201","Application Data"
"220","35.545360","157.240.195.56","10.9.2.177","TCP","1434","71334","443  >  56568 [ACK] Seq=71334 Ack=9897 Win=1512 Len=1380 [TCP segment of a reassembled PDU]"
"221","35.551555","157.240.195.56","10.9.2.177","TLSv1.2","695","72714","Application Data, Application Data"
"222","35.725936","157.240.195.56","10.9.2.177","TLSv1.2","195","73355","Application Data"
"223","35.746620","157.240.195.56","10.9.2.177","TCP","1434","73496","443  >  56568 [ACK] Seq=73496 Ack=9897 Win=1512 Len=1380 [TCP segment of a reassembled PDU]"
"224","35.746620","157.240.195.56","10.9.2.177","TLSv1.2","84","74876","Application Data"
"225","35.781604","10.9.2.177","157.240.195.56","TLSv1.2","154","9897","Application Data"
"226","35.798428","10.9.2.177","157.240.195.56","TLSv1.2","147","9997","Application Data"
"227","35.947462","157.240.195.56","10.9.2.177","TLSv1.2","195","74906","Application Data"
"228","35.979240","10.9.2.177","157.240.195.56","TLSv1.2","154","10090","Application Data"
"229","35.993923","157.240.195.56","10.9.2.177","TLSv1.2","1416","75047","Application Data"
"230","35.998298","10.9.2.177","157.240.195.56","TLSv1.2","150","10190","Application Data"
"231","36.166015","157.240.195.56","10.9.2.177","TLSv1.2","195","76409","Application Data"
"232","36.178417","10.9.2.177","157.240.195.56","TLSv1.2","154","10286","Application Data"
"233","36.251503","157.240.195.56","10.9.2.177","TLSv1.2","1256","76550","Application Data"
"234","36.295757","10.9.2.177","157.240.195.56","TLSv1.2","150","10386","Application Data"
"235","36.466857","157.240.195.56","10.9.2.177","TLSv1.2","195","77752","Application Data"
"236","36.515450","157.240.195.56","10.9.2.177","TLSv1.2","1368","77893","Application Data"
"237","36.547583","10.9.2.177","157.240.195.56","TLSv1.2","154","10482","Application Data"
"238","36.714488","157.240.195.56","10.9.2.177","TLSv1.2","195","79207","Application Data"
"239","36.762916","157.240.195.56","10.9.2.177","TCP","1434","79348","443  >  56568 [ACK] Seq=79348 Ack=10582 Win=1512 Len=1380 [TCP segment of a reassembled PDU]"
"240","36.763821","157.240.195.56","10.9.2.177","TLSv1.2","187","80728","Application Data"
"241","36.764979","157.240.195.56","10.9.2.177","TCP","1434","80861","443  >  56568 [ACK] Seq=80861 Ack=10582 Win=1512 Len=1380 [TCP segment of a reassembled PDU]"
"242","36.764979","157.240.195.56","10.9.2.177","TLSv1.2","1269","82241","Application Data"
"243","36.770247","157.240.195.56","10.9.2.177","TCP","1434","83456","443  >  56568 [ACK] Seq=83456 Ack=10582 Win=1512 Len=1380 [TCP segment of a reassembled PDU]"
"244","36.770247","157.240.195.56","10.9.2.177","TLSv1.2","346","84836","Application Data, Application Data"
"245","36.783670","10.9.2.177","157.240.195.56","TLSv1.2","154","10582","Application Data"
"246","36.825332","10.9.2.177","157.240.195.56","TLSv1.2","150","10682","Application Data"
"247","36.972773","157.240.195.56","10.9.2.177","TLSv1.2","195","85128","Application Data"
"248","36.986069","157.240.195.56","10.9.2.177","TCP","1434","85269","443  >  56568 [ACK] Seq=85269 Ack=10778 Win=1512 Len=1380 [TCP segment of a reassembled PDU]"
"249","36.986069","157.240.195.56","10.9.2.177","TLSv1.2","187","86649","Application Data"
"250","36.988736","157.240.195.56","10.9.2.177","TCP","1434","86782","443  >  56568 [ACK] Seq=86782 Ack=10778 Win=1512 Len=1380 [TCP segment of a reassembled PDU]"
"251","36.988736","157.240.195.56","10.9.2.177","TLSv1.2","1207","88162","Application Data, Application Data"
"252","37.055297","10.9.2.177","157.240.195.56","TLSv1.2","154","10778","Application Data"
"253","37.063885","10.9.2.177","157.240.195.56","TLSv1.2","150","10878","Application Data"
"254","37.267147","157.240.195.56","10.9.2.177","TCP","1434","89315","443  >  56568 [ACK] Seq=89315 Ack=10974 Win=1512 Len=1380 [TCP segment of a reassembled PDU]"
"255","37.267859","157.240.195.56","10.9.2.177","TLSv1.2","187","90695","Application Data"
"256","37.267859","157.240.195.56","10.9.2.177","TCP","1434","90828","443  >  56568 [ACK] Seq=90828 Ack=10974 Win=1512 Len=1380 [TCP segment of a reassembled PDU]"
"257","37.267916","157.240.195.56","10.9.2.177","TLSv1.2","1269","92208","Application Data"
"258","37.272512","157.240.195.56","10.9.2.177","TCP","1434","93423","443  >  56568 [ACK] Seq=93423 Ack=10974 Win=1512 Len=1380 [TCP segment of a reassembled PDU]"
"259","37.272512","157.240.195.56","10.9.2.177","TLSv1.2","1434","94803","Application Data"
"260","37.272512","157.240.195.56","10.9.2.177","TLSv1.2","513","96183","Application Data"
"261","37.272512","157.240.195.56","10.9.2.177","TLSv1.2","195","96642","Application Data"
"262","37.383200","10.9.2.177","157.240.195.56","TLSv1.2","154","10974","Application Data"
"263","37.485140","157.240.195.56","10.9.2.177","TLSv1.2","195","96783","Application Data"
"264","37.597945","10.9.2.177","157.240.195.56","TLSv1.2","154","11074","Application Data"
"265","37.778141","157.240.195.56","10.9.2.177","TCP","1434","96924","443  >  56568 [ACK] Seq=96924 Ack=11174 Win=1512 Len=1380 [TCP segment of a reassembled PDU]"
"266","37.778141","157.240.195.56","10.9.2.177","TLSv1.2","187","98304","Application Data"
"267","37.778141","157.240.195.56","10.9.2.177","TCP","1434","98437","443  >  56568 [ACK] Seq=98437 Ack=11174 Win=1512 Len=1380 [TCP segment of a reassembled PDU]"
"268","37.778141","157.240.195.56","10.9.2.177","TLSv1.2","1269","99817","Application Data"
"269","37.779201","157.240.195.56","10.9.2.177","TCP","1434","101032","443  >  56568 [ACK] Seq=101032 Ack=11174 Win=1512 Len=1380 [TCP segment of a reassembled PDU]"
"270","37.779201","157.240.195.56","10.9.2.177","TLSv1.2","1129","102412","Application Data, Application Data"
"271","37.944837","10.9.2.177","157.240.195.56","TLSv1.2","147","11174","Application Data"
"272","38.040667","157.240.195.56","10.9.2.177","TLSv1.2","195","103487","Application Data"
"273","38.040667","157.240.195.56","10.9.2.177","TLSv1.2","220","103628","Application Data"
"274","38.047401","10.9.2.177","157.240.195.56","TLSv1.2","154","11267","Application Data"
"275","38.047798","10.9.2.177","157.240.195.56","TLSv1.2","146","11367","Application Data"
"276","38.065320","10.9.2.177","157.240.195.56","TLSv1.2","146","11459","Application Data"
"277","38.128782","157.240.195.56","10.9.2.177","TCP","1434","103794","443  >  56568 [ACK] Seq=103794 Ack=11551 Win=1512 Len=1380 [TCP segment of a reassembled PDU]"
"278","38.129643","157.240.195.56","10.9.2.177","TLSv1.2","187","105174","Application Data"
"279","38.129859","157.240.195.56","10.9.2.177","TCP","1434","105307","443  >  56568 [ACK] Seq=105307 Ack=11551 Win=1512 Len=1380 [TCP segment of a reassembled PDU]"
"280","38.129859","157.240.195.56","10.9.2.177","TLSv1.2","1269","106687","Application Data"
"281","38.140312","157.240.195.56","10.9.2.177","TCP","1434","107902","443  >  56568 [ACK] Seq=107902 Ack=11551 Win=1512 Len=1380 [TCP segment of a reassembled PDU]"
"282","38.140620","157.240.195.56","10.9.2.177","TLSv1.2","1434","109282","Application Data"
"283","38.140620","157.240.195.56","10.9.2.177","TLSv1.2","533","110662","Application Data"
"284","38.353540","157.240.195.56","10.9.2.177","TLSv1.2","195","111141","Application Data"
"285","38.481936","157.240.195.56","10.9.2.177","TCP","1434","111282","443  >  56568 [ACK] Seq=111282 Ack=11551 Win=1512 Len=1380 [TCP segment of a reassembled PDU]"
"286","38.481936","157.240.195.56","10.9.2.177","TLSv1.2","187","112662","Application Data"
"287","38.487866","157.240.195.56","10.9.2.177","TCP","1434","112795","443  >  56568 [ACK] Seq=112795 Ack=11551 Win=1512 Len=1380 [TCP segment of a reassembled PDU]"
"288","38.487866","157.240.195.56","10.9.2.177","TLSv1.2","1269","114175","Application Data"
"289","38.487866","157.240.195.56","10.9.2.177","TCP","1434","115390","443  >  56568 [ACK] Seq=115390 Ack=11551 Win=1512 Len=1380 [TCP segment of a reassembled PDU]"
"290","38.487866","157.240.195.56","10.9.2.177","TLSv1.2","1017","116770","Application Data, Application Data"
"291","38.526370","10.9.2.177","157.240.195.56","TLSv1.2","154","11551","Application Data"
"292","38.555816","10.9.2.177","157.240.195.56","TLSv1.2","150","11651","Application Data"
"293","38.695250","157.240.195.56","10.9.2.177","TLSv1.2","195","117733","Application Data"
"294","38.779276","10.9.2.177","157.240.195.56","TLSv1.2","154","11747","Application Data"
"295","38.779721","157.240.195.56","10.9.2.177","TCP","1434","117874","443  >  56568 [ACK] Seq=117874 Ack=11747 Win=1512 Len=1380 [TCP segment of a reassembled PDU]"
"296","38.779721","157.240.195.56","10.9.2.177","TLSv1.2","187","119254","Application Data"
"297","38.780027","157.240.195.56","10.9.2.177","TCP","1434","119387","443  >  56568 [ACK] Seq=119387 Ack=11747 Win=1512 Len=1380 [TCP segment of a reassembled PDU]"
"298","38.780027","157.240.195.56","10.9.2.177","TLSv1.2","1269","120767","Application Data"
"299","38.780904","157.240.195.56","10.9.2.177","TCP","1434","121982","443  >  56568 [ACK] Seq=121982 Ack=11747 Win=1512 Len=1380 [TCP segment of a reassembled PDU]"
"300","38.781399","157.240.195.56","10.9.2.177","TLSv1.2","1434","123362","Application Data"
"301","38.781399","157.240.195.56","10.9.2.177","TLSv1.2","261","124742","Application Data"
"302","39.021164","157.240.195.56","10.9.2.177","TLSv1.2","195","124949","Application Data"
"303","39.031439","10.9.2.177","157.240.195.56","TLSv1.2","154","11847","Application Data"
"304","39.067932","157.240.195.56","10.9.2.177","TCP","1434","125090","443  >  56568 [ACK] Seq=125090 Ack=11847 Win=1512 Len=1380 [TCP segment of a reassembled PDU]"
"305","39.067932","157.240.195.56","10.9.2.177","TLSv1.2","187","126470","Application Data"
"306","39.070098","157.240.195.56","10.9.2.177","TCP","1434","126603","443  >  56568 [ACK] Seq=126603 Ack=11847 Win=1512 Len=1380 [TCP segment of a reassembled PDU]"
"307","39.070098","157.240.195.56","10.9.2.177","TLSv1.2","1269","127983","Application Data"
"308","39.078398","157.240.195.56","10.9.2.177","TCP","1434","129198","443  >  56568 [ACK] Seq=129198 Ack=11947 Win=1512 Len=1380 [TCP segment of a reassembled PDU]"
"309","39.078398","157.240.195.56","10.9.2.177","TLSv1.2","1434","130578","Application Data"
"310","39.078398","157.240.195.56","10.9.2.177","TLSv1.2","533","131958","Application Data"
"311","39.296486","157.240.195.56","10.9.2.177","TLSv1.2","195","132437","Application Data"
"312","39.318514","10.9.2.177","157.240.195.56","TLSv1.2","154","11947","Application Data"
"313","39.366156","157.240.195.56","10.9.2.177","TCP","1434","132578","443  >  56568 [ACK] Seq=132578 Ack=11947 Win=1512 Len=1380 [TCP segment of a reassembled PDU]"
"314","39.366156","157.240.195.56","10.9.2.177","TLSv1.2","187","133958","Application Data"
"315","39.366156","157.240.195.56","10.9.2.177","TCP","1434","134091","443  >  56568 [ACK] Seq=134091 Ack=11947 Win=1512 Len=1380 [TCP segment of a reassembled PDU]"
"316","39.366156","157.240.195.56","10.9.2.177","TLSv1.2","1269","135471","Application Data"
"317","39.366516","157.240.195.56","10.9.2.177","TCP","1434","136686","443  >  56568 [ACK] Seq=136686 Ack=11947 Win=1512 Len=1380 [TCP segment of a reassembled PDU]"
"318","39.366516","157.240.195.56","10.9.2.177","TLSv1.2","985","138066","Application Data, Application Data"
"319","39.376168","10.9.2.177","157.240.195.56","TLSv1.2","150","12047","Application Data"
"320","39.565932","157.240.195.56","10.9.2.177","TLSv1.2","195","138997","Application Data"
"321","39.600002","10.9.2.177","157.240.195.56","TLSv1.2","154","12143","Application Data"
"322","39.632218","157.240.195.56","10.9.2.177","TCP","1434","139138","443  >  56568 [ACK] Seq=139138 Ack=12143 Win=1512 Len=1380 [TCP segment of a reassembled PDU]"
"323","39.632218","157.240.195.56","10.9.2.177","TLSv1.2","187","140518","Application Data"
"324","39.634567","157.240.195.56","10.9.2.177","TCP","1434","140651","443  >  56568 [ACK] Seq=140651 Ack=12143 Win=1512 Len=1380 [TCP segment of a reassembled PDU]"
"325","39.634567","157.240.195.56","10.9.2.177","TLSv1.2","1269","142031","Application Data"
"326","39.639285","157.240.195.56","10.9.2.177","TCP","1434","143246","443  >  56568 [ACK] Seq=143246 Ack=12143 Win=1512 Len=1380 [TCP segment of a reassembled PDU]"
"327","39.639285","157.240.195.56","10.9.2.177","TLSv1.2","777","144626","Application Data, Application Data"
"328","39.762439","10.9.2.177","157.240.195.56","TLSv1.2","150","12243","Application Data"
"329","39.874836","157.240.195.56","10.9.2.177","TLSv1.2","195","145349","Application Data"
"330","39.921436","157.240.195.56","10.9.2.177","TCP","1434","145490","443  >  56568 [ACK] Seq=145490 Ack=12339 Win=1512 Len=1380 [TCP segment of a reassembled PDU]"
"331","39.921436","157.240.195.56","10.9.2.177","TLSv1.2","187","146870","Application Data"
"332","39.922306","157.240.195.56","10.9.2.177","TCP","1434","147003","443  >  56568 [ACK] Seq=147003 Ack=12339 Win=1512 Len=1380 [TCP segment of a reassembled PDU]"
"333","39.922306","157.240.195.56","10.9.2.177","TLSv1.2","1269","148383","Application Data"
"334","39.926949","157.240.195.56","10.9.2.177","TCP","1434","149598","443  >  56568 [ACK] Seq=149598 Ack=12339 Win=1512 Len=1380 [TCP segment of a reassembled PDU]"
"335","39.926949","157.240.195.56","10.9.2.177","TLSv1.2","281","150978","Application Data, Application Data"
"336","39.960670","10.9.2.177","157.240.195.56","TLSv1.2","154","12339","Application Data"
"337","39.996968","10.9.2.177","157.240.195.56","TLSv1.2","150","12439","Application Data"
"338","40.148391","157.240.195.56","10.9.2.177","TLSv1.2","195","151205","Application Data"
"339","40.190282","10.9.2.177","157.240.195.56","TLSv1.2","154","12535","Application Data"
"340","40.518379","10.9.2.177","157.240.195.56","TLSv1.2","150","12635","Application Data"
"341","40.936762","10.9.2.177","157.240.195.56","TLSv1.2","150","12731","Application Data"
"342","41.040283","157.240.195.56","10.9.2.177","TLSv1.2","220","151346","Application Data"
"343","41.043740","10.9.2.177","157.240.195.56","TLSv1.2","146","12827","Application Data"
"344","41.057784","10.9.2.177","157.240.195.56","TLSv1.2","146","12919","Application Data"
"345","41.380079","10.9.2.177","157.240.195.56","TLSv1.2","150","13011","Application Data"
"346","41.731492","10.9.2.177","157.240.195.56","TLSv1.2","150","13107","Application Data"
"347","42.217540","10.9.2.177","157.240.195.56","TLSv1.2","150","13203","Application Data"
"348","42.530494","10.9.2.177","157.240.195.56","TLSv1.2","150","13299","Application Data"
"349","42.985558","10.9.2.177","157.240.195.56","TLSv1.2","150","13395","Application Data"
"350","43.302386","10.9.2.177","157.240.195.56","TLSv1.2","150","13491","Application Data"
"351","43.570438","10.9.2.177","157.240.195.56","TLSv1.2","150","13587","Application Data"
"352","43.786305","10.9.2.177","157.240.195.56","TLSv1.2","150","13683","Application Data"
"353","44.120115","10.9.2.177","157.240.195.56","TLSv1.2","150","13779","Application Data"
"354","44.484142","10.9.2.177","157.240.195.56","TLSv1.2","150","13875","Application Data"
"355","44.830248","10.9.2.177","157.240.195.56","TLSv1.2","150","13971","Application Data"
"356","45.228318","10.9.2.177","157.240.195.56","TLSv1.2","150","14067","Application Data"
"357","45.486078","10.9.2.177","157.240.195.56","TLSv1.2","150","14163","Application Data"
"358","45.748528","10.9.2.177","157.240.195.56","TLSv1.2","150","14259","Application Data"
"359","46.069699","10.9.2.177","157.240.195.56","TLSv1.2","150","14355","Application Data"
"360","46.382565","10.9.2.177","157.240.195.56","TLSv1.2","150","14451","Application Data"
"361","46.645828","10.9.2.177","157.240.195.56","TLSv1.2","150","14547","Application Data"
"362","47.157603","10.9.2.177","157.240.195.56","TLSv1.2","113","14643","Application Data"
"363","47.184728","10.9.2.177","157.240.195.56","TLSv1.2","150","14702","Application Data"
"364","47.246575","157.240.195.56","10.9.2.177","TLSv1.2","187","151512","Application Data"
"365","47.249574","10.9.2.177","157.240.195.56","TLSv1.2","146","14798","Application Data"
"366","47.482480","157.240.195.56","10.9.2.177","TLSv1.2","269","151645","Application Data"
"367","47.492985","10.9.2.177","157.240.195.56","TLSv1.2","146","14890","Application Data"
"368","47.497605","10.9.2.177","157.240.195.56","TLSv1.2","129","14982","Application Data"
"369","50.788585","10.9.2.177","157.240.195.56","TLSv1.2","124","15057","Application Data"
"370","51.018171","157.240.195.56","10.9.2.177","TLSv1.2","126","151860","Application Data"
"371","58.797321","157.240.195.56","10.9.2.177","TLSv1.2","1383","151932","Application Data"
"372","58.970823","10.9.2.177","157.240.195.56","TLSv1.2","150","15127","Application Data"
"373","58.974258","157.240.195.56","10.9.2.177","TLSv1.2","195","153261","Application Data"
"374","58.982633","10.9.2.177","157.240.195.56","TLSv1.2","154","15223","Application Data"
"375","65.173035","157.240.195.56","10.9.2.177","TCP","1434","153402","443  >  56568 [ACK] Seq=153402 Ack=15323 Win=1512 Len=1380 [TCP segment of a reassembled PDU]"
"376","65.173035","157.240.195.56","10.9.2.177","TLSv1.2","99","154782","Application Data"
"377","65.402593","10.9.2.177","157.240.195.56","TLSv1.2","150","15323","Application Data"
"378","65.562289","157.240.195.56","10.9.2.177","TLSv1.2","195","154827","Application Data"
"379","65.567206","10.9.2.177","157.240.195.56","TLSv1.2","154","15419","Application Data"
"380","67.057290","10.9.2.177","157.240.195.56","TLSv1.2","124","15519","Application Data"
"381","67.299579","157.240.195.56","10.9.2.177","TLSv1.2","126","154968","Application Data"
"382","73.955476","157.240.195.56","10.9.2.177","TCP","1434","155040","443  >  56568 [ACK] Seq=155040 Ack=15589 Win=1512 Len=1380 [TCP segment of a reassembled PDU]"
"383","73.955476","157.240.195.56","10.9.2.177","TLSv1.2","131","156420","Application Data"
"384","74.120200","10.9.2.177","157.240.195.56","TLSv1.2","150","15589","Application Data"
"385","74.124728","157.240.195.56","10.9.2.177","TLSv1.2","195","156497","Application Data"
"386","74.245067","10.9.2.177","157.240.195.56","TLSv1.2","154","15685","Application Data"
"387","90.776226","10.9.2.177","157.240.195.56","TLSv1.2","124","15785","Application Data"
"388","90.958118","157.240.195.56","10.9.2.177","TLSv1.2","126","156638","Application Data"
"389","102.560226","10.9.2.177","157.240.195.56","TLSv1.2","113","15855","Application Data"
"390","106.826040","157.240.195.56","10.9.2.177","TLSv1.2","142","156710","Application Data"
"391","106.830586","10.9.2.177","157.240.195.56","TLSv1.2","126","15914","Application Data"
"392","117.957990","10.9.2.177","157.240.195.56","TLSv1.2","124","15986","Application Data"
"393","118.111338","157.240.195.56","10.9.2.177","TLSv1.2","126","156798","Application Data"
"394","121.263793","157.240.195.56","10.9.2.177","TCP","1434","156870","443  >  56568 [ACK] Seq=156870 Ack=16056 Win=1512 Len=1380 [TCP segment of a reassembled PDU]"
"395","121.263793","157.240.195.56","10.9.2.177","TLSv1.2","187","158250","Application Data"
"396","121.263793","157.240.195.56","10.9.2.177","TCP","1434","158383","443  >  56568 [ACK] Seq=158383 Ack=16056 Win=1512 Len=1380 [TCP segment of a reassembled PDU]"
"397","121.263793","157.240.195.56","10.9.2.177","TLSv1.2","1269","159763","Application Data"
"398","121.263793","157.240.195.56","10.9.2.177","TCP","1434","160978","443  >  56568 [ACK] Seq=160978 Ack=16056 Win=1512 Len=1380 [TCP segment of a reassembled PDU]"
"399","121.263793","157.240.195.56","10.9.2.177","TLSv1.2","751","162358","Application Data, Application Data"
"400","121.392454","10.9.2.177","157.240.195.56","TLSv1.2","147","16056","Application Data"
"401","121.472178","157.240.195.56","10.9.2.177","TCP","1434","163055","443  >  56568 [ACK] Seq=163055 Ack=16056 Win=1512 Len=1380 [TCP segment of a reassembled PDU]"
"402","121.472178","157.240.195.56","10.9.2.177","TLSv1.2","187","164435","Application Data"
"403","121.472350","157.240.195.56","10.9.2.177","TCP","1434","164568","443  >  56568 [ACK] Seq=164568 Ack=16056 Win=1512 Len=1380 [TCP segment of a reassembled PDU]"
"404","121.472350","157.240.195.56","10.9.2.177","TLSv1.2","1269","165948","Application Data"
"405","121.472350","157.240.195.56","10.9.2.177","TCP","1434","167163","443  >  56568 [ACK] Seq=167163 Ack=16056 Win=1512 Len=1380 [TCP segment of a reassembled PDU]"
"406","121.472350","157.240.195.56","10.9.2.177","TLSv1.2","239","168543","Application Data, Application Data"
"407","121.586246","10.9.2.177","157.240.195.56","TLSv1.2","147","16149","Application Data"
"408","121.590546","157.240.195.56","10.9.2.177","TLSv1.2","1405","168728","Application Data"
"409","121.700983","10.9.2.177","157.240.195.56","TLSv1.2","147","16242","Application Data"
"410","121.877335","157.240.195.56","10.9.2.177","TCP","1434","170079","443  >  56568 [ACK] Seq=170079 Ack=16335 Win=1512 Len=1380 [TCP segment of a reassembled PDU]"
"411","121.877335","157.240.195.56","10.9.2.177","TLSv1.2","105","171459","Application Data"
"412","121.946777","10.9.2.177","157.240.195.56","TLSv1.2","147","16335","Application Data"
"413","121.955789","157.240.195.56","10.9.2.177","TCP","1434","171510","443  >  56568 [ACK] Seq=171510 Ack=16335 Win=1512 Len=1380 [TCP segment of a reassembled PDU]"
"414","121.955789","157.240.195.56","10.9.2.177","TLSv1.2","153","172890","Application Data"
"415","122.113355","10.9.2.177","157.240.195.56","TLSv1.2","147","16428","Application Data"
"416","122.492440","157.240.195.56","10.9.2.177","TLSv1.2","203","172989","Application Data"
"417","122.496528","10.9.2.177","157.240.195.56","TLSv1.2","146","16521","Application Data"
"418","125.768605","157.240.195.56","10.9.2.177","TLSv1.2","688","173138","Application Data"
"419","125.853508","10.9.2.177","157.240.195.56","TLSv1.2","129","16613","Application Data"
"420","125.854029","10.9.2.177","157.240.195.56","TLSv1.2","129","16688","Application Data"
"421","125.854247","10.9.2.177","157.240.195.56","TLSv1.2","129","16763","Application Data"
"422","125.868326","10.9.2.177","157.240.195.56","TLSv1.2","129","16838","Application Data"
"423","125.879854","10.9.2.177","157.240.195.56","TLSv1.2","129","16913","Application Data"
"424","130.182881","157.240.195.56","10.9.2.177","TLSv1.2","198","173772","Application Data"
"425","130.198276","10.9.2.177","157.240.195.56","TLSv1.2","157","16988","Application Data"
"426","137.865920","10.9.2.177","157.240.195.56","TLSv1.2","124","17091","Application Data"
"427","138.156181","157.240.195.56","10.9.2.177","TLSv1.2","126","173916","Application Data"
"428","145.122726","157.240.195.56","10.9.2.177","TLSv1.2","222","173988","Application Data"
"429","145.126408","10.9.2.177","157.240.195.56","TLSv1.2","148","17161","Application Data"
"430","145.361967","157.240.195.56","10.9.2.177","TCP","1434","174156","443  >  56568 [ACK] Seq=174156 Ack=17255 Win=1512 Len=1380 [TCP segment of a reassembled PDU]"
"431","145.361967","157.240.195.56","10.9.2.177","TLSv1.2","187","175536","Application Data"
"432","145.362870","157.240.195.56","10.9.2.177","TCP","1434","175669","443  >  56568 [ACK] Seq=175669 Ack=17255 Win=1512 Len=1380 [TCP segment of a reassembled PDU]"
"433","145.362870","157.240.195.56","10.9.2.177","TLSv1.2","1434","177049","Application Data"
"434","145.362870","157.240.195.56","10.9.2.177","TLSv1.2","243","178429","Application Data"
"435","145.478948","10.9.2.177","157.240.195.56","TLSv1.2","150","17255","Application Data"
"436","145.546994","10.9.2.177","157.240.195.56","TLSv1.2","162","17351","Application Data"
"437","145.624737","157.240.195.56","10.9.2.177","TCP","1434","178618","443  >  56568 [ACK] Seq=178618 Ack=17459 Win=1512 Len=1380 [TCP segment of a reassembled PDU]"
"438","145.624737","157.240.195.56","10.9.2.177","TLSv1.2","187","179998","Application Data"
"439","145.624737","157.240.195.56","10.9.2.177","TCP","1434","180131","443  >  56568 [ACK] Seq=180131 Ack=17459 Win=1512 Len=1380 [TCP segment of a reassembled PDU]"
"440","145.624858","157.240.195.56","10.9.2.177","TLSv1.2","567","181511","Application Data, Application Data"
"441","145.626445","157.240.195.56","10.9.2.177","TLSv1.2","195","182024","Application Data"
"442","145.627770","10.9.2.177","157.240.195.56","TLSv1.2","154","17459","Application Data"
"443","145.758047","10.9.2.177","157.240.195.56","TLSv1.2","150","17559","Application Data"
"444","145.758800","157.240.195.56","10.9.2.177","TLSv1.2","149","182165","Application Data"
"445","145.809477","157.240.195.56","10.9.2.177","TLSv1.2","195","182260","Application Data"
"446","145.811032","10.9.2.177","157.240.195.56","TLSv1.2","154","17655","Application Data"
"447","145.867605","157.240.195.56","10.9.2.177","TCP","1434","182401","443  >  56568 [ACK] Seq=182401 Ack=17655 Win=1512 Len=1380 [TCP segment of a reassembled PDU]"
"448","145.867605","157.240.195.56","10.9.2.177","TLSv1.2","187","183781","Application Data"
"449","145.871610","157.240.195.56","10.9.2.177","TCP","1434","183914","443  >  56568 [ACK] Seq=183914 Ack=17655 Win=1512 Len=1380 [TCP segment of a reassembled PDU]"
"450","145.871610","157.240.195.56","10.9.2.177","TLSv1.2","1269","185294","Application Data"
"451","145.943614","157.240.195.56","10.9.2.177","TCP","1434","186509","443  >  56568 [ACK] Seq=186509 Ack=17755 Win=1512 Len=1380 [TCP segment of a reassembled PDU]"
"452","145.943614","157.240.195.56","10.9.2.177","TLSv1.2","602","187889","Application Data, Application Data"
"453","146.070273","157.240.195.56","10.9.2.177","TLSv1.2","195","188437","Application Data"
"454","146.101089","10.9.2.177","157.240.195.56","TLSv1.2","154","17755","Application Data"
"455","146.101660","157.240.195.56","10.9.2.177","TCP","1434","188578","443  >  56568 [ACK] Seq=188578 Ack=17755 Win=1512 Len=1380 [TCP segment of a reassembled PDU]"
"456","146.101660","157.240.195.56","10.9.2.177","TLSv1.2","187","189958","Application Data"
"457","146.101845","157.240.195.56","10.9.2.177","TCP","1434","190091","443  >  56568 [ACK] Seq=190091 Ack=17755 Win=1512 Len=1380 [TCP segment of a reassembled PDU]"
"458","146.101845","157.240.195.56","10.9.2.177","TLSv1.2","1271","191471","Application Data, Application Data"
"459","146.108571","10.9.2.177","157.240.195.56","TLSv1.2","150","17855","Application Data"
"460","146.310384","10.9.2.177","157.240.195.56","TLSv1.2","150","17951","Application Data"
"461","146.313402","10.9.2.177","157.240.195.56","TLSv1.2","162","18047","Application Data"
"462","146.313864","157.240.195.56","10.9.2.177","TLSv1.2","195","192688","Application Data"
"463","146.324500","10.9.2.177","157.240.195.56","TLSv1.2","154","18155","Application Data"
"464","146.359354","157.240.195.56","10.9.2.177","TCP","1434","192829","443  >  56568 [ACK] Seq=192829 Ack=17951 Win=1512 Len=1380 [TCP segment of a reassembled PDU]"
"465","146.359354","157.240.195.56","10.9.2.177","TLSv1.2","187","194209","Application Data"
"466","146.359354","157.240.195.56","10.9.2.177","TCP","1434","194342","443  >  56568 [ACK] Seq=194342 Ack=17951 Win=1512 Len=1380 [TCP segment of a reassembled PDU]"
"467","146.359544","157.240.195.56","10.9.2.177","TLSv1.2","1415","195722","Application Data, Application Data"
"468","146.474849","10.9.2.177","157.240.195.56","TLSv1.2","150","18255","Application Data"
"469","146.475615","157.240.195.56","10.9.2.177","TLSv1.2","149","197083","Application Data"
"470","146.567742","157.240.195.56","10.9.2.177","TLSv1.2","195","197178","Application Data"
"471","146.569738","10.9.2.177","157.240.195.56","TLSv1.2","154","18351","Application Data"
"472","146.604454","157.240.195.56","10.9.2.177","TCP","1434","197319","443  >  56568 [ACK] Seq=197319 Ack=18351 Win=1512 Len=1380 [TCP segment of a reassembled PDU]"
"473","146.604454","157.240.195.56","10.9.2.177","TLSv1.2","187","198699","Application Data"
"474","146.604614","157.240.195.56","10.9.2.177","TCP","1434","198832","443  >  56568 [ACK] Seq=198832 Ack=18351 Win=1512 Len=1380 [TCP segment of a reassembled PDU]"
"475","146.606488","157.240.195.56","10.9.2.177","TLSv1.2","1335","200212","Application Data, Application Data"
"476","146.713115","10.9.2.177","157.240.195.56","TLSv1.2","150","18451","Application Data"
"477","146.817555","157.240.195.56","10.9.2.177","TLSv1.2","195","201493","Application Data"
"478","146.870624","10.9.2.177","157.240.195.56","TLSv1.2","154","18547","Application Data"
"479","146.887571","10.9.2.177","157.240.195.56","TLSv1.2","162","18647","Application Data"
"480","146.891029","157.240.195.56","10.9.2.177","TCP","1434","201634","443  >  56568 [ACK] Seq=201634 Ack=18547 Win=1512 Len=1380 [TCP segment of a reassembled PDU]"
"481","146.891029","157.240.195.56","10.9.2.177","TLSv1.2","187","203014","Application Data"
"482","146.893315","157.240.195.56","10.9.2.177","TCP","1434","203147","443  >  56568 [ACK] Seq=203147 Ack=18547 Win=1512 Len=1380 [TCP segment of a reassembled PDU]"
"483","146.893315","157.240.195.56","10.9.2.177","TLSv1.2","1303","204527","Application Data, Application Data"
"484","146.991607","10.9.2.177","157.240.195.56","TLSv1.2","150","18755","Application Data"
"485","147.024798","157.240.195.56","10.9.2.177","TLSv1.2","149","205776","Application Data"
"486","147.121555","157.240.195.56","10.9.2.177","TLSv1.2","195","205871","Application Data"
"487","147.123812","10.9.2.177","157.240.195.56","TLSv1.2","154","18851","Application Data"
"488","147.130229","157.240.195.56","10.9.2.177","TCP","1434","206012","443  >  56568 [ACK] Seq=206012 Ack=18851 Win=1512 Len=1380 [TCP segment of a reassembled PDU]"
"489","147.130229","157.240.195.56","10.9.2.177","TLSv1.2","187","207392","Application Data"
"490","147.132816","157.240.195.56","10.9.2.177","TCP","1434","207525","443  >  56568 [ACK] Seq=207525 Ack=18851 Win=1512 Len=1380 [TCP segment of a reassembled PDU]"
"491","147.132816","157.240.195.56","10.9.2.177","TLSv1.2","1434","208905","Application Data"
"492","147.133606","157.240.195.56","10.9.2.177","TLSv1.2","131","210285","Application Data"
"493","147.275007","10.9.2.177","157.240.195.56","TLSv1.2","150","18951","Application Data"
"494","147.345193","10.9.2.177","157.240.195.56","TLSv1.2","162","19047","Application Data"
"495","147.348054","157.240.195.56","10.9.2.177","TLSv1.2","195","210362","Application Data"
"496","147.354343","10.9.2.177","157.240.195.56","TLSv1.2","154","19155","Application Data"
"497","147.390221","157.240.195.56","10.9.2.177","TCP","1434","210503","443  >  56568 [ACK] Seq=210503 Ack=19047 Win=1512 Len=1380 [TCP segment of a reassembled PDU]"
"498","147.390221","157.240.195.56","10.9.2.177","TLSv1.2","187","211883","Application Data"
"499","147.390221","157.240.195.56","10.9.2.177","TCP","1434","212016","443  >  56568 [ACK] Seq=212016 Ack=19047 Win=1512 Len=1380 [TCP segment of a reassembled PDU]"
"500","147.390342","157.240.195.56","10.9.2.177","TLSv1.2","1434","213396","Application Data"
"501","147.390342","157.240.195.56","10.9.2.177","TLSv1.2","1235","214776","Application Data"
"502","147.490648","10.9.2.177","157.240.195.56","TLSv1.2","150","19255","Application Data"
"503","147.491576","157.240.195.56","10.9.2.177","TLSv1.2","149","215957","Application Data"
"504","147.570154","157.240.195.56","10.9.2.177","TLSv1.2","195","216052","Application Data"
"505","147.574476","10.9.2.177","157.240.195.56","TLSv1.2","154","19351","Application Data"
"506","147.656370","157.240.195.56","10.9.2.177","TCP","1434","216193","443  >  56568 [ACK] Seq=216193 Ack=19451 Win=1512 Len=1380 [TCP segment of a reassembled PDU]"
"507","147.656370","157.240.195.56","10.9.2.177","TLSv1.2","187","217573","Application Data"
"508","147.656370","157.240.195.56","10.9.2.177","TCP","1434","217706","443  >  56568 [ACK] Seq=217706 Ack=19451 Win=1512 Len=1380 [TCP segment of a reassembled PDU]"
"509","147.656612","157.240.195.56","10.9.2.177","TLSv1.2","999","219086","Application Data, Application Data"
"510","147.826995","10.9.2.177","157.240.195.56","TLSv1.2","150","19451","Application Data"
"511","147.832854","157.240.195.56","10.9.2.177","TLSv1.2","195","220031","Application Data"
"512","147.838355","10.9.2.177","157.240.195.56","TLSv1.2","154","19547","Application Data"
"513","147.866855","157.240.195.56","10.9.2.177","TCP","1434","220172","443  >  56568 [ACK] Seq=220172 Ack=19451 Win=1512 Len=1380 [TCP segment of a reassembled PDU]"
"514","147.866855","157.240.195.56","10.9.2.177","TLSv1.2","187","221552","Application Data"
"515","147.868193","157.240.195.56","10.9.2.177","TCP","1434","221685","443  >  56568 [ACK] Seq=221685 Ack=19451 Win=1512 Len=1380 [TCP segment of a reassembled PDU]"
"516","147.868555","157.240.195.56","10.9.2.177","TLSv1.2","1335","223065","Application Data, Application Data"
"517","147.876661","10.9.2.177","157.240.195.56","TLSv1.2","162","19647","Application Data"
"518","147.993688","10.9.2.177","157.240.195.56","TLSv1.2","150","19755","Application Data"
"519","148.015091","157.240.195.56","10.9.2.177","TLSv1.2","149","224346","Application Data"
"520","148.060868","157.240.195.56","10.9.2.177","TLSv1.2","195","224441","Application Data"
"521","148.064628","10.9.2.177","157.240.195.56","TLSv1.2","154","19851","Application Data"
"522","148.103513","157.240.195.56","10.9.2.177","TCP","1434","224582","443  >  56568 [ACK] Seq=224582 Ack=19851 Win=1512 Len=1380 [TCP segment of a reassembled PDU]"
"523","148.103513","157.240.195.56","10.9.2.177","TLSv1.2","187","225962","Application Data"
"524","148.105511","157.240.195.56","10.9.2.177","TCP","1434","226095","443  >  56568 [ACK] Seq=226095 Ack=19851 Win=1512 Len=1380 [TCP segment of a reassembled PDU]"
"525","148.105511","157.240.195.56","10.9.2.177","TLSv1.2","951","227475","Application Data, Application Data"
"526","148.206455","10.9.2.177","157.240.195.56","TLSv1.2","150","19951","Application Data"
"527","148.279988","10.9.2.177","157.240.195.56","TLSv1.2","162","20047","Application Data"
"528","148.334904","157.240.195.56","10.9.2.177","TCP","1434","228372","443  >  56568 [ACK] Seq=228372 Ack=20155 Win=1512 Len=1380 [TCP segment of a reassembled PDU]"
"529","148.334904","157.240.195.56","10.9.2.177","TLSv1.2","187","229752","Application Data"
"530","148.337093","157.240.195.56","10.9.2.177","TCP","1434","229885","443  >  56568 [ACK] Seq=229885 Ack=20155 Win=1512 Len=1380 [TCP segment of a reassembled PDU]"
"531","148.339238","157.240.195.56","10.9.2.177","TLSv1.2","1351","231265","Application Data, Application Data"
"532","148.339238","157.240.195.56","10.9.2.177","TLSv1.2","195","232562","Application Data"
"533","148.342704","10.9.2.177","157.240.195.56","TLSv1.2","154","20155","Application Data"
"534","148.415341","157.240.195.56","10.9.2.177","TLSv1.2","149","232703","Application Data"
"535","148.455473","10.9.2.177","157.240.195.56","TLSv1.2","150","20255","Application Data"
"536","148.534852","157.240.195.56","10.9.2.177","TLSv1.2","195","232798","Application Data"
"537","148.547772","10.9.2.177","157.240.195.56","TLSv1.2","154","20351","Application Data"
"538","149.771885","157.240.195.56","10.9.2.177","TLSv1.2","222","232939","Application Data"
"539","149.781327","10.9.2.177","157.240.195.56","TLSv1.2","148","20451","Application Data"
"540","158.774201","157.240.195.56","10.9.2.177","TCP","1434","233107","443  >  56568 [ACK] Seq=233107 Ack=20545 Win=1512 Len=1380 [TCP segment of a reassembled PDU]"
"541","158.774201","157.240.195.56","10.9.2.177","TLSv1.2","426","234487","Application Data, Application Data"
"542","158.942901","10.9.2.177","157.240.195.56","TLSv1.2","150","20545","Application Data"
"543","159.053336","157.240.195.56","10.9.2.177","TLSv1.2","195","234859","Application Data"
"544","159.059420","10.9.2.177","157.240.195.56","TLSv1.2","154","20641","Application Data"
"545","160.892161","157.240.195.56","10.9.2.177","TCP","1434","235000","443  >  56568 [ACK] Seq=235000 Ack=20741 Win=1512 Len=1380 [TCP segment of a reassembled PDU]"
"546","160.892161","157.240.195.56","10.9.2.177","TLSv1.2","83","236380","Application Data"
"547","161.042532","10.9.2.177","157.240.195.56","TLSv1.2","150","20741","Application Data"
"548","161.047164","157.240.195.56","10.9.2.177","TLSv1.2","195","236409","Application Data"
"549","161.153152","10.9.2.177","157.240.195.56","TLSv1.2","154","20837","Application Data"
"550","167.514425","10.9.2.177","157.240.195.56","TLSv1.2","113","20937","Application Data"
"551","168.915550","10.9.2.177","157.240.195.56","TLSv1.2","124","20996","Application Data"
"552","169.123387","157.240.195.56","10.9.2.177","TLSv1.2","126","236550","Application Data"
"553","175.947796","157.240.195.56","10.9.2.177","TLSv1.2","1383","236622","Application Data"
"554","176.202783","10.9.2.177","157.240.195.56","TLSv1.2","150","21066","Application Data"
"555","176.264139","157.240.195.56","10.9.2.177","TLSv1.2","195","237951","Application Data"
"556","176.329501","10.9.2.177","157.240.195.56","TLSv1.2","154","21162","Application Data"
"557","186.252123","10.9.2.177","157.240.195.56","TCP","1434","21262","56568  >  443 [ACK] Seq=21262 Ack=238092 Win=258 Len=1380 [TCP segment of a reassembled PDU]"
"558","186.252123","10.9.2.177","157.240.195.56","TCP","1434","22642","56568  >  443 [ACK] Seq=22642 Ack=238092 Win=258 Len=1380 [TCP segment of a reassembled PDU]"
"559","186.252123","10.9.2.177","157.240.195.56","TCP","1434","24022","56568  >  443 [ACK] Seq=24022 Ack=238092 Win=258 Len=1380 [TCP segment of a reassembled PDU]"
"560","186.252123","10.9.2.177","157.240.195.56","TCP","1434","25402","56568  >  443 [ACK] Seq=25402 Ack=238092 Win=258 Len=1380 [TCP segment of a reassembled PDU]"
"561","186.252123","10.9.2.177","157.240.195.56","TCP","1434","26782","56568  >  443 [ACK] Seq=26782 Ack=238092 Win=258 Len=1380 [TCP segment of a reassembled PDU]"
"562","186.252123","10.9.2.177","157.240.195.56","TCP","1434","28162","56568  >  443 [ACK] Seq=28162 Ack=238092 Win=258 Len=1380 [TCP segment of a reassembled PDU]"
"563","186.252123","10.9.2.177","157.240.195.56","TCP","1434","29542","56568  >  443 [ACK] Seq=29542 Ack=238092 Win=258 Len=1380 [TCP segment of a reassembled PDU]"
"564","186.252123","10.9.2.177","157.240.195.56","TCP","1434","30922","56568  >  443 [ACK] Seq=30922 Ack=238092 Win=258 Len=1380 [TCP segment of a reassembled PDU]"
"565","186.252123","10.9.2.177","157.240.195.56","TCP","1434","32302","56568  >  443 [ACK] Seq=32302 Ack=238092 Win=258 Len=1380 [TCP segment of a reassembled PDU]"
"566","186.252123","10.9.2.177","157.240.195.56","TCP","1434","33682","56568  >  443 [ACK] Seq=33682 Ack=238092 Win=258 Len=1380 [TCP segment of a reassembled PDU]"
"567","186.252123","10.9.2.177","157.240.195.56","TCP","1434","35062","56568  >  443 [ACK] Seq=35062 Ack=238092 Win=258 Len=1380 [TCP segment of a reassembled PDU]"
"568","186.252123","10.9.2.177","157.240.195.56","TLSv1.2","1280","36442","Application Data"
"569","186.252332","10.9.2.177","157.240.195.56","TCP","1434","37668","56568  >  443 [ACK] Seq=37668 Ack=238092 Win=258 Len=1380 [TCP segment of a reassembled PDU]"
"570","186.252332","10.9.2.177","157.240.195.56","TCP","1434","39048","56568  >  443 [ACK] Seq=39048 Ack=238092 Win=258 Len=1380 [TCP segment of a reassembled PDU]"
"571","186.252332","10.9.2.177","157.240.195.56","TLSv1.2","188","40428","Application Data"
"572","186.461826","157.240.195.56","10.9.2.177","TLSv1.2","118","238092","Application Data"
"573","186.782514","10.9.2.177","157.240.195.56","TLSv1.3","571","1","Client Hello"
"574","186.782816","10.9.2.177","157.240.195.56","TLSv1.3","571","1","Client Hello"
"575","186.905918","157.240.195.56","10.9.2.177","TLSv1.3","266","1","Server Hello, Change Cipher Spec, Application Data"
"576","186.905918","157.240.195.56","10.9.2.177","TLSv1.3","1434","1","Server Hello, Change Cipher Spec, Application Data"
"577","186.905918","157.240.195.56","10.9.2.177","TLSv1.3","1076","1381","Application Data"
"578","186.912548","10.9.2.177","157.240.195.56","TLSv1.3","118","518","Change Cipher Spec, Application Data"
"579","186.912756","10.9.2.177","157.240.195.56","TLSv1.3","118","518","Change Cipher Spec, Application Data"
"580","186.913276","10.9.2.177","157.240.195.56","TLSv1.3","152","582","Application Data"
"581","186.913895","10.9.2.177","157.240.195.56","TLSv1.3","524","680","Application Data"
"582","186.914016","10.9.2.177","157.240.195.56","TLSv1.3","1189","1150","Application Data"
"583","186.914136","10.9.2.177","157.240.195.56","TLSv1.3","178","2285","Application Data"
"584","186.914214","10.9.2.177","157.240.195.56","TLSv1.3","1189","2409","Application Data"
"585","187.043721","157.240.195.56","10.9.2.177","TLSv1.3","225","2403","Application Data"
"586","187.043721","157.240.195.56","10.9.2.177","TLSv1.3","128","2574","Application Data"
"587","187.043721","157.240.195.56","10.9.2.177","TLSv1.3","111","2648","Application Data"
"588","187.044274","10.9.2.177","157.240.195.56","TLSv1.3","571","1","Client Hello"
"589","187.044490","10.9.2.177","157.240.195.56","TLSv1.3","85","3544","Application Data"
"590","187.113096","157.240.195.56","10.9.2.177","TLSv1.3","543","2705","Application Data"
"591","187.113096","157.240.195.56","10.9.2.177","TLSv1.3","1434","1","Server Hello, Change Cipher Spec, Application Data"
"592","187.113246","157.240.195.56","10.9.2.177","TLSv1.3","1076","1381","Application Data"
"593","187.113246","157.240.195.56","10.9.2.177","TLSv1.3","266","3194","Application Data"
"594","187.115963","10.9.2.177","157.240.195.56","TLSv1.3","118","518","Change Cipher Spec, Application Data"
"595","187.248123","157.240.195.56","10.9.2.177","TLSv1.3","225","2403","Application Data"
"596","187.248123","157.240.195.56","10.9.2.177","TLSv1.3","128","2574","Application Data"
"597","189.111614","157.240.195.56","10.9.2.177","TCP","1434","238156","443  >  56568 [ACK] Seq=238156 Ack=40562 Win=1663 Len=1380 [TCP segment of a reassembled PDU]"
"598","189.111614","157.240.195.56","10.9.2.177","TLSv1.2","187","239536","Application Data"
"599","189.113569","157.240.195.56","10.9.2.177","TCP","1434","239669","443  >  56568 [ACK] Seq=239669 Ack=40562 Win=1663 Len=1380 [TCP segment of a reassembled PDU]"
"600","189.113569","157.240.195.56","10.9.2.177","TLSv1.2","1434","241049","Application Data"
"601","189.113736","157.240.195.56","10.9.2.177","TLSv1.2","419","242429","Application Data"
"602","189.270241","10.9.2.177","157.240.195.56","TLSv1.2","150","40562","Application Data"
"603","202.567076","157.240.195.56","10.9.2.177","TLSv1.2","195","242794","Application Data"
"604","202.607078","10.9.2.177","157.240.195.56","TLSv1.2","154","40658","Application Data"
"605","207.011544","157.240.195.56","10.9.2.177","TLSv1.2","1431","242935","Application Data"
"606","207.174385","10.9.2.177","157.240.195.56","TLSv1.2","150","40758","Application Data"
"607","207.280971","157.240.195.56","10.9.2.177","TLSv1.2","195","244312","Application Data"
"608","207.331883","10.9.2.177","157.240.195.56","TLSv1.2","154","40854","Application Data"
"609","215.792199","10.9.2.177","157.240.195.56","TLSv1.2","124","40954","Application Data"
"610","215.947016","157.240.195.56","10.9.2.177","TLSv1.2","126","244453","Application Data"
"611","229.231963","157.240.195.56","10.9.2.177","TCP","1434","244525","443  >  56568 [ACK] Seq=244525 Ack=41024 Win=1663 Len=1380 [TCP segment of a reassembled PDU]"
"612","229.231963","157.240.195.56","10.9.2.177","TLSv1.2","187","245905","Application Data"
"613","229.231963","157.240.195.56","10.9.2.177","TCP","1434","246038","443  >  56568 [ACK] Seq=246038 Ack=41024 Win=1663 Len=1380 [TCP segment of a reassembled PDU]"
"614","229.231963","157.240.195.56","10.9.2.177","TLSv1.2","1367","247418","Application Data, Application Data"
"615","229.231963","157.240.195.56","10.9.2.177","TLSv1.2","195","248731","Application Data"
"616","229.231963","157.240.195.56","10.9.2.177","TCP","1434","248872","443  >  56568 [ACK] Seq=248872 Ack=41024 Win=1663 Len=1380 [TCP segment of a reassembled PDU]"
"617","229.231963","157.240.195.56","10.9.2.177","TLSv1.2","187","250252","Application Data"
"618","229.231963","157.240.195.56","10.9.2.177","TCP","1434","250385","443  >  56568 [ACK] Seq=250385 Ack=41024 Win=1663 Len=1380 [TCP segment of a reassembled PDU]"
"619","229.231963","157.240.195.56","10.9.2.177","TLSv1.2","631","251765","Application Data, Application Data"
"620","229.273658","10.9.2.177","157.240.195.56","TLSv1.2","154","41024","Application Data"
"621","229.520288","10.9.2.177","157.240.195.56","TLSv1.2","150","41124","Application Data"
"622","229.521499","157.240.195.56","10.9.2.177","TCP","1434","252342","443  >  56568 [ACK] Seq=252342 Ack=41024 Win=1663 Len=1380 [TCP segment of a reassembled PDU]"
"623","229.521499","157.240.195.56","10.9.2.177","TLSv1.2","187","253722","Application Data"
"624","229.521698","157.240.195.56","10.9.2.177","TCP","1434","253855","443  >  56568 [ACK] Seq=253855 Ack=41024 Win=1663 Len=1380 [TCP segment of a reassembled PDU]"
"625","229.521698","157.240.195.56","10.9.2.177","TLSv1.2","1434","255235","Application Data"
"626","229.619778","157.240.195.56","10.9.2.177","TLSv1.2","1203","256615","Application Data, Application Data, Application Data, Application Data"
"627","229.628651","10.9.2.177","157.240.195.56","TLSv1.2","154","41220","Application Data"
"628","229.628907","10.9.2.177","157.240.195.56","TLSv1.2","154","41320","Application Data"
"629","229.634153","157.240.195.56","10.9.2.177","TCP","1434","257764","443  >  56568 [ACK] Seq=257764 Ack=41220 Win=1663 Len=1380 [TCP segment of a reassembled PDU]"
"630","229.634153","157.240.195.56","10.9.2.177","TLSv1.2","187","259144","Application Data"
"631","229.634153","157.240.195.56","10.9.2.177","TCP","1434","259277","443  >  56568 [ACK] Seq=259277 Ack=41220 Win=1663 Len=1380 [TCP segment of a reassembled PDU]"
"632","229.634406","157.240.195.56","10.9.2.177","TLSv1.2","647","260657","Application Data, Application Data"
"633","229.866018","10.9.2.177","157.240.195.56","TLSv1.2","150","41420","Application Data"
"634","229.868931","157.240.195.56","10.9.2.177","TLSv1.2","195","261250","Application Data"
"635","229.876730","10.9.2.177","157.240.195.56","TLSv1.2","154","41516","Application Data"
"636","229.917182","157.240.195.56","10.9.2.177","TCP","1434","261391","443  >  56568 [ACK] Seq=261391 Ack=41516 Win=1663 Len=1380 [TCP segment of a reassembled PDU]"
"637","229.917182","157.240.195.56","10.9.2.177","TLSv1.2","187","262771","Application Data"
"638","229.918540","157.240.195.56","10.9.2.177","TCP","1434","262904","443  >  56568 [ACK] Seq=262904 Ack=41516 Win=1663 Len=1380 [TCP segment of a reassembled PDU]"
"639","229.918540","157.240.195.56","10.9.2.177","TLSv1.2","1175","264284","Application Data, Application Data"
"640","230.128283","157.240.195.56","10.9.2.177","TLSv1.2","195","265405","Application Data"
"641","230.141057","157.240.195.56","10.9.2.177","TCP","1434","265546","443  >  56568 [ACK] Seq=265546 Ack=41616 Win=1663 Len=1380 [TCP segment of a reassembled PDU]"
"642","230.141057","157.240.195.56","10.9.2.177","TLSv1.2","1386","266926","Application Data, Application Data"
"643","230.244882","10.9.2.177","157.240.195.56","TLSv1.2","154","41616","Application Data"
"644","230.286721","10.9.2.177","157.240.195.56","TLSv1.2","150","41716","Application Data"
"645","230.344200","157.240.195.56","10.9.2.177","TLSv1.2","195","268258","Application Data"
"646","230.363756","10.9.2.177","157.240.195.56","TLSv1.2","154","41812","Application Data"
"647","230.663089","10.9.2.177","157.240.195.56","TLSv1.2","150","41912","Application Data"
"648","231.030010","10.9.2.177","157.240.195.56","TLSv1.2","150","42008","Application Data"
"649","231.364239","10.9.2.177","157.240.195.56","TLSv1.2","150","42104","Application Data"
"650","233.061417","157.240.195.56","10.9.2.177","TCP","1434","268399","443  >  56568 [ACK] Seq=268399 Ack=42200 Win=1663 Len=1380 [TCP segment of a reassembled PDU]"
"651","233.061417","157.240.195.56","10.9.2.177","TLSv1.2","187","269779","Application Data"
"652","233.063754","157.240.195.56","10.9.2.177","TCP","1434","269912","443  >  56568 [ACK] Seq=269912 Ack=42200 Win=1663 Len=1380 [TCP segment of a reassembled PDU]"
"653","233.063754","157.240.195.56","10.9.2.177","TLSv1.2","1434","271292","Application Data"
"654","233.063754","157.240.195.56","10.9.2.177","TLSv1.2","290","272672","Application Data"
"655","233.196408","10.9.2.177","157.240.195.56","TLSv1.2","150","42200","Application Data"
"656","233.321546","157.240.195.56","10.9.2.177","TCP","1434","272908","443  >  56568 [ACK] Seq=272908 Ack=42296 Win=1663 Len=1380 [TCP segment of a reassembled PDU]"
"657","233.321546","157.240.195.56","10.9.2.177","TLSv1.2","187","274288","Application Data"
"658","233.323347","157.240.195.56","10.9.2.177","TCP","1434","274421","443  >  56568 [ACK] Seq=274421 Ack=42296 Win=1663 Len=1380 [TCP segment of a reassembled PDU]"
"659","233.323347","157.240.195.56","10.9.2.177","TLSv1.2","630","275801","Application Data, Application Data"
"660","233.325220","157.240.195.56","10.9.2.177","TLSv1.2","195","276377","Application Data"
"661","233.330109","10.9.2.177","157.240.195.56","TLSv1.2","154","42296","Application Data"
"662","233.512475","157.240.195.56","10.9.2.177","TLSv1.2","195","276518","Application Data"
"663","233.549836","10.9.2.177","157.240.195.56","TLSv1.2","154","42396","Application Data"
"664","233.551590","10.9.2.177","157.240.195.56","TLSv1.2","150","42496","Application Data"
"665","233.641306","157.240.195.56","10.9.2.177","TCP","1434","276659","443  >  56568 [ACK] Seq=276659 Ack=42592 Win=1663 Len=1380 [TCP segment of a reassembled PDU]"
"666","233.641306","157.240.195.56","10.9.2.177","TLSv1.2","187","278039","Application Data"
"667","233.645279","157.240.195.56","10.9.2.177","TCP","1434","278172","443  >  56568 [ACK] Seq=278172 Ack=42592 Win=1663 Len=1380 [TCP segment of a reassembled PDU]"
"668","233.645279","157.240.195.56","10.9.2.177","TLSv1.2","1269","279552","Application Data"
"669","233.647884","157.240.195.56","10.9.2.177","TCP","1434","280767","443  >  56568 [ACK] Seq=280767 Ack=42592 Win=1663 Len=1380 [TCP segment of a reassembled PDU]"
"670","233.647884","157.240.195.56","10.9.2.177","TLSv1.2","633","282147","Application Data, Application Data"
"671","233.836458","10.9.2.177","157.240.195.56","TLSv1.2","150","42592","Application Data"
"672","233.871926","157.240.195.56","10.9.2.177","TLSv1.2","195","282726","Application Data"
"673","233.882722","10.9.2.177","157.240.195.56","TLSv1.2","154","42688","Application Data"
"674","233.918000","157.240.195.56","10.9.2.177","TCP","1434","282867","443  >  56568 [ACK] Seq=282867 Ack=42688 Win=1663 Len=1380 [TCP segment of a reassembled PDU]"
"675","233.918000","157.240.195.56","10.9.2.177","TLSv1.2","187","284247","Application Data"
"676","233.920121","157.240.195.56","10.9.2.177","TCP","1434","284380","443  >  56568 [ACK] Seq=284380 Ack=42688 Win=1663 Len=1380 [TCP segment of a reassembled PDU]"
"677","233.920121","157.240.195.56","10.9.2.177","TLSv1.2","1302","285760","Application Data, Application Data"
"678","234.064930","10.9.2.177","157.240.195.56","TLSv1.2","150","42788","Application Data"
"679","234.220127","157.240.195.56","10.9.2.177","TLSv1.2","195","287008","Application Data"
"680","234.226362","10.9.2.177","157.240.195.56","TLSv1.2","154","42884","Application Data"
"681","234.227197","157.240.195.56","10.9.2.177","TCP","1434","287149","443  >  56568 [ACK] Seq=287149 Ack=42884 Win=1663 Len=1380 [TCP segment of a reassembled PDU]"
"682","234.227197","157.240.195.56","10.9.2.177","TLSv1.2","187","288529","Application Data"
"683","234.227197","157.240.195.56","10.9.2.177","TCP","1434","288662","443  >  56568 [ACK] Seq=288662 Ack=42884 Win=1663 Len=1380 [TCP segment of a reassembled PDU]"
"684","234.227326","157.240.195.56","10.9.2.177","TLSv1.2","1434","290042","Application Data"
"685","234.227326","157.240.195.56","10.9.2.177","TLSv1.2","66","291422","Application Data"
"686","234.411556","10.9.2.177","157.240.195.56","TLSv1.2","150","42984","Application Data"
"687","234.556681","157.240.195.56","10.9.2.177","TLSv1.2","195","291434","Application Data"
"688","234.556855","157.240.195.56","10.9.2.177","TCP","1434","291575","443  >  56568 [ACK] Seq=291575 Ack=43080 Win=1663 Len=1380 [TCP segment of a reassembled PDU]"
"689","234.556855","157.240.195.56","10.9.2.177","TLSv1.2","187","292955","Application Data"
"690","234.556855","157.240.195.56","10.9.2.177","TCP","1434","293088","443  >  56568 [ACK] Seq=293088 Ack=43080 Win=1663 Len=1380 [TCP segment of a reassembled PDU]"
"691","234.556855","157.240.195.56","10.9.2.177","TLSv1.2","1382","294468","Application Data, Application Data"
"692","234.563343","10.9.2.177","157.240.195.56","TLSv1.2","154","43080","Application Data"
"693","234.720808","10.9.2.177","157.240.195.56","TLSv1.2","150","43180","Application Data"
"694","234.728705","157.240.195.56","10.9.2.177","TLSv1.2","195","295796","Application Data"
"695","234.731687","10.9.2.177","157.240.195.56","TLSv1.2","154","43276","Application Data"
"696","234.902516","157.240.195.56","10.9.2.177","TCP","1434","295937","443  >  56568 [ACK] Seq=295937 Ack=43276 Win=1663 Len=1380 [TCP segment of a reassembled PDU]"
"697","234.902516","157.240.195.56","10.9.2.177","TLSv1.2","187","297317","Application Data"
"698","234.902516","157.240.195.56","10.9.2.177","TCP","1434","297450","443  >  56568 [ACK] Seq=297450 Ack=43276 Win=1663 Len=1380 [TCP segment of a reassembled PDU]"
"699","234.902516","157.240.195.56","10.9.2.177","TLSv1.2","1334","298830","Application Data, Application Data"
"700","235.030053","157.240.195.56","10.9.2.177","TLSv1.2","195","300110","Application Data"
"701","235.046819","10.9.2.177","157.240.195.56","TLSv1.2","154","43376","Application Data"
"702","235.048073","10.9.2.177","157.240.195.56","TLSv1.2","150","43476","Application Data"
"703","235.103971","157.240.195.56","10.9.2.177","TCP","1434","300251","443  >  56568 [ACK] Seq=300251 Ack=43376 Win=1663 Len=1380 [TCP segment of a reassembled PDU]"
"704","235.103971","157.240.195.56","10.9.2.177","TLSv1.2","187","301631","Application Data"
"705","235.103971","157.240.195.56","10.9.2.177","TCP","1434","301764","443  >  56568 [ACK] Seq=301764 Ack=43376 Win=1663 Len=1380 [TCP segment of a reassembled PDU]"
"706","235.104345","157.240.195.56","10.9.2.177","TLSv1.2","1434","303144","Application Data"
"707","235.104345","157.240.195.56","10.9.2.177","TLSv1.2","178","304524","Application Data"
"708","235.317717","10.9.2.177","157.240.195.56","TLSv1.2","150","43572","Application Data"
"709","235.321997","157.240.195.56","10.9.2.177","TLSv1.2","195","304648","Application Data"
"710","235.328019","10.9.2.177","157.240.195.56","TLSv1.2","154","43668","Application Data"
"711","235.440982","157.240.195.56","10.9.2.177","TCP","1434","304789","443  >  56568 [ACK] Seq=304789 Ack=43768 Win=1663 Len=1380 [TCP segment of a reassembled PDU]"
"712","235.440982","157.240.195.56","10.9.2.177","TLSv1.2","187","306169","Application Data"
"713","235.441733","157.240.195.56","10.9.2.177","TCP","1434","306302","443  >  56568 [ACK] Seq=306302 Ack=43768 Win=1663 Len=1380 [TCP segment of a reassembled PDU]"
"714","235.441733","157.240.195.56","10.9.2.177","TLSv1.2","1434","307682","Application Data"
"715","235.441733","157.240.195.56","10.9.2.177","TLSv1.2","1266","309062","Application Data"
"716","235.640895","157.240.195.56","10.9.2.177","TLSv1.2","195","310274","Application Data"
"717","235.644067","10.9.2.177","157.240.195.56","TLSv1.2","154","43768","Application Data"
"718","235.656731","157.240.195.56","10.9.2.177","TCP","1434","310415","443  >  56568 [ACK] Seq=310415 Ack=43768 Win=1663 Len=1380 [TCP segment of a reassembled PDU]"
"719","235.656731","157.240.195.56","10.9.2.177","TLSv1.2","187","311795","Application Data"
"720","235.659548","157.240.195.56","10.9.2.177","TCP","1434","311928","443  >  56568 [ACK] Seq=311928 Ack=43768 Win=1663 Len=1380 [TCP segment of a reassembled PDU]"
"721","235.659548","157.240.195.56","10.9.2.177","TLSv1.2","1030","313308","Application Data, Application Data"
"722","235.757385","10.9.2.177","157.240.195.56","TLSv1.2","150","43868","Application Data"
"723","235.907873","157.240.195.56","10.9.2.177","TLSv1.2","195","314284","Application Data"
"724","235.912442","10.9.2.177","157.240.195.56","TLSv1.2","154","43964","Application Data"
"725","235.918163","10.9.2.177","157.240.195.56","TLSv1.2","150","44064","Application Data"
"726","236.155062","157.240.195.56","10.9.2.177","TCP","1434","314425","443  >  56568 [ACK] Seq=314425 Ack=44160 Win=1663 Len=1380 [TCP segment of a reassembled PDU]"
"727","236.155185","157.240.195.56","10.9.2.177","TLSv1.2","187","315805","Application Data"
"728","236.155185","157.240.195.56","10.9.2.177","TCP","1434","315938","443  >  56568 [ACK] Seq=315938 Ack=44160 Win=1663 Len=1380 [TCP segment of a reassembled PDU]"
"729","236.155185","157.240.195.56","10.9.2.177","TLSv1.2","1366","317318","Application Data, Application Data"
"730","236.274138","157.240.195.56","10.9.2.177","TLSv1.2","195","318630","Application Data"
"731","236.279324","10.9.2.177","157.240.195.56","TLSv1.2","154","44160","Application Data"
"732","236.280434","10.9.2.177","157.240.195.56","TLSv1.2","150","44260","Application Data"
"733","236.400227","157.240.195.56","10.9.2.177","TCP","1434","318771","443  >  56568 [ACK] Seq=318771 Ack=44356 Win=1663 Len=1380 [TCP segment of a reassembled PDU]"
"734","236.400227","157.240.195.56","10.9.2.177","TLSv1.2","187","320151","Application Data"
"735","236.400227","157.240.195.56","10.9.2.177","TCP","1434","320284","443  >  56568 [ACK] Seq=320284 Ack=44356 Win=1663 Len=1380 [TCP segment of a reassembled PDU]"
"736","236.400354","157.240.195.56","10.9.2.177","TLSv1.2","998","321664","Application Data, Application Data"
"737","236.555143","10.9.2.177","157.240.195.56","TLSv1.2","150","44356","Application Data"
"738","236.666903","157.240.195.56","10.9.2.177","TLSv1.2","195","322608","Application Data"
"739","236.669034","10.9.2.177","157.240.195.56","TLSv1.2","154","44452","Application Data"
"740","236.974347","157.240.195.56","10.9.2.177","TCP","1434","322749","443  >  56568 [ACK] Seq=322749 Ack=44452 Win=1663 Len=1380 [TCP segment of a reassembled PDU]"
"741","236.974481","157.240.195.56","10.9.2.177","TLSv1.2","187","324129","Application Data"
"742","236.974481","157.240.195.56","10.9.2.177","TCP","1434","324262","443  >  56568 [ACK] Seq=324262 Ack=44452 Win=1663 Len=1380 [TCP segment of a reassembled PDU]"
"743","236.974481","157.240.195.56","10.9.2.177","TLSv1.2","1398","325642","Application Data, Application Data"
"744","236.974855","157.240.195.56","10.9.2.177","TLSv1.2","195","326986","Application Data"
"745","236.978007","10.9.2.177","157.240.195.56","TLSv1.2","154","44552","Application Data"
"746","237.053523","10.9.2.177","157.240.195.56","TLSv1.2","124","44652","Application Data"
"747","237.198393","10.9.2.177","157.240.195.56","TLSv1.2","150","44722","Application Data"
"748","237.199133","157.240.195.56","10.9.2.177","TLSv1.2","126","327127","Application Data"
"749","257.912490","10.9.2.177","157.240.195.56","TLSv1.2","124","44818","Application Data"
"750","258.101579","157.240.195.56","10.9.2.177","TLSv1.2","126","327199","Application Data"
"751","271.278305","157.240.195.56","10.9.2.177","TCP","1434","327271","443  >  56568 [ACK] Seq=327271 Ack=44888 Win=1663 Len=1380 [TCP segment of a reassembled PDU]"
"752","271.278305","157.240.195.56","10.9.2.177","TLSv1.2","83","328651","Application Data"
"753","271.478164","10.9.2.177","157.240.195.56","TLSv1.2","150","44888","Application Data"
"754","271.479069","157.240.195.56","10.9.2.177","TLSv1.2","195","328680","Application Data"
"755","271.482544","10.9.2.177","157.240.195.56","TLSv1.2","154","44984","Application Data"
"756","272.813415","157.240.195.56","10.9.2.177","TCP","1434","328821","443  >  56568 [ACK] Seq=328821 Ack=45084 Win=1663 Len=1380 [TCP segment of a reassembled PDU]"
"757","272.813415","157.240.195.56","10.9.2.177","TLSv1.2","84","330201","Application Data"
"758","272.999541","10.9.2.177","157.240.195.56","TLSv1.2","150","45084","Application Data"
"759","273.002929","157.240.195.56","10.9.2.177","TLSv1.2","195","330231","Application Data"
"760","273.006153","10.9.2.177","157.240.195.56","TLSv1.2","154","45180","Application Data"
"761","273.018842","157.240.195.56","10.9.2.177","TCP","1434","330372","443  >  56568 [ACK] Seq=330372 Ack=45084 Win=1663 Len=1380 [TCP segment of a reassembled PDU]"
"762","273.018842","157.240.195.56","10.9.2.177","TLSv1.2","378","331752","Application Data, Application Data"
"763","273.333130","157.240.195.56","10.9.2.177","TLSv1.2","195","332076","Application Data"
"764","273.457970","10.9.2.177","157.240.195.56","TLSv1.2","154","45280","Application Data"
"765","273.519343","10.9.2.177","157.240.195.56","TLSv1.2","150","45380","Application Data"
"766","275.959424","10.9.2.177","157.240.195.56","TLSv1.2","124","45476","Application Data"
"767","276.111869","157.240.195.56","10.9.2.177","TLSv1.2","126","332217","Application Data"
"768","282.541924","157.240.195.56","10.9.2.177","TLSv1.2","594","332289","Application Data"
"769","282.641070","10.9.2.177","157.240.195.56","TLSv1.2","144","45546","Application Data"
"770","295.546931","157.240.195.56","10.9.2.177","TCP","1434","332829","443  >  56568 [ACK] Seq=332829 Ack=45636 Win=1663 Len=1380 [TCP segment of a reassembled PDU]"
"771","295.546931","157.240.195.56","10.9.2.177","TLSv1.2","399","334209","Application Data, Application Data"
"772","295.751814","10.9.2.177","157.240.195.56","TLSv1.2","147","45636","Application Data"
"773","295.819117","10.9.2.177","157.240.195.56","TLSv1.2","124","45729","Application Data"
"774","295.959391","157.240.195.56","10.9.2.177","TLSv1.2","126","334554","Application Data"
"775","297.233332","157.240.195.56","10.9.2.177","TCP","1434","334626","443  >  56568 [ACK] Seq=334626 Ack=45799 Win=1663 Len=1380 [TCP segment of a reassembled PDU]"
"776","297.233332","157.240.195.56","10.9.2.177","TLSv1.2","297","336006","Application Data, Application Data"
"777","297.301124","10.9.2.177","157.240.195.56","TLSv1.2","150","45799","Application Data"
"778","299.085668","157.240.195.56","10.9.2.177","TLSv1.2","195","336249","Application Data"
"779","299.085668","157.240.195.56","10.9.2.177","TLSv1.2","291","336390","Application Data"
"780","299.089058","10.9.2.177","157.240.195.56","TLSv1.2","154","45895","Application Data"
"781","299.109930","10.9.2.177","157.240.195.56","TLSv1.2","148","45995","Application Data"
"782","299.124632","10.9.2.177","157.240.195.56","TLSv1.2","129","46089","Application Data"
"783","300.501336","157.240.195.56","10.9.2.177","TLSv1.2","1400","336627","Application Data"
"784","300.629444","10.9.2.177","157.240.195.56","TLSv1.2","150","46164","Application Data"
"785","300.805994","157.240.195.56","10.9.2.177","TLSv1.2","195","337973","Application Data"
"786","300.821471","10.9.2.177","157.240.195.56","TLSv1.2","154","46260","Application Data"
